Women,Release year
Dune: Part Two,2024
Kung Fu Panda 4,2024
Road House,2024
Imaginary,2024
Dune,2021
Damsel,2024
Oppenheimer,2023
Argylle,2024
Poor Things,2023
Wonka,2023
Fast X,2023
Godzilla: King of the Monsters,2019
Ghostbusters: Frozen Empire,2024
Barbie,2023
Godzilla,2014
Spider-Man: No Way Home,2021
Avengers: Infinity War,2018
xXx,2002
Elemental,2023
Kong: Skull Island,2017
Spider-Man: Across the Spider-Verse,2023
Kung Fu Panda,2008
Puss in Boots: The Last Wish,2022
Ghostbusters,2016
Deadpool,2016
Aquaman,2018
Turning Red,2022
Inside Out,2015
Thor: Ragnarok,2017
Interstellar,2014
Bird Box,2018
X,2022
Alien,1979
Wonder Woman,2017
Joker,2019
Inception,2010
Coach Carter,2005
PAW Patrol: The Mighty Movie,2023
Star Wars,1977
Iron Man 2,2010
Kung Fu Panda 3,2016
Drive-Away Dolls,2024
Trolls Band Together,2023
Kung Fu Panda 2,2011
Charlie and the Chocolate Factory,2005
Black Panther,2018
Guardians of the Galaxy Vol. 3,2023
Pulp Fiction,1994
Captain Marvel,2019
Fifty Shades of Grey,2015
Leo,2023
Blade Runner 2049,2017
Ghostbusters: Afterlife,2021
King Kong,2005
Dune,1984
Tenet,2020
Deadpool 2,2018
Killers of the Flower Moon,2023
Harry Potter and the Chamber of Secrets,2002
Top Gun: Maverick,2022
Pirates of the Caribbean: The Curse of the Black Pearl,2003
Tangled,2010
Twilight,2008
Toy Story,1995
Prey,2022
"Monsters, Inc.",2001
Mean Girls,2024
Shrek,2001
Logan,2017
Spider-Man: Homecoming,2017
Avengers: Endgame,2019
Mad Max: Fury Road,2015
Harry Potter and the Goblet of Fire,2005
Encanto,2021
Dawn of the Planet of the Apes,2014
Ted 2,2015
Predator,1987
Pirates of the Caribbean: On Stranger Tides,2011
Jurassic World Dominion,2022
Chappie,2015
Rocky,1976
Shrek 2,2004
Indiana Jones and the Dial of Destiny,2023
Black Panther: Wakanda Forever,2022
Morbius,2022
Law Abiding Citizen,2009
Baywatch,2017
Superman,1978
Hacksaw Ridge,2016
Forrest Gump,1994
Babylon,2022
Harry Potter and the Order of the Phoenix,2007
Taxi Driver,1976
Titanic,1997
Avatar,2009
Real Steel,2011
Baby Driver,2017
Justice League,2017
Coco,2017
Alien: Covenant,2017
Blue Beetle,2023
Sing 2,2021
Harry Potter and the Deathly Hallows: Part 1,2010
Ratatouille,2007
Saw X,2023
Saw X,2023
Captive,2015
Up,2009
Toy Story 2,1999
Zootopia,2016
Se7en,1995
Exodus: Gods and Kings,2014
Harry Potter and the Half-Blood Prince,2009
Ice Age,2002
Harry Potter and the Deathly Hallows: Part 2,2011
Sonic the Hedgehog 2,2022
Iron Man,2008
Con Air,1997
Black Widow,2021
War for the Planet of the Apes,2017
Arrival,2016
Dark Phoenix,2019
Gran Turismo,2023
Green Book,2018
Fall,2022
Scarface,1983
Creed II,2018
Thor: Love and Thunder,2022
After,2019
Mulan,1998
Rise of the Planet of the Apes,2011
Venom,2018
RoboCop,1987
It,2017
It,2017
Big Hero 6,2014
Nobody,2021
Fight Club,1999
Donnie Darko,2001
Serenity,2005
Frozen,2013
Doctor Strange,2016
Past Lives,2023
White Chicks,2004
Gravity,2013
Avengers: Age of Ultron,2015
Ghostbusters,1984
Beauty and the Beast,2017
Me Before You,2016
Whiplash,2014
Maze Runner: The Scorch Trials,2015
Shrek Forever After,2010
Gifted,2017
Jaws,1975
Free Guy,2021
Toy Story 4,2019
Despicable Me 2,2013
Suicide Squad,2016
Tinker Bell and the Legend of the NeverBeast,2014
Luca,2021
Blade,1998
Ghosted,2023
Maze Runner: The Death Cure,2018
Pirates of the Caribbean: Dead Men Tell No Tales,2017
Coraline,2009
Sonic the Hedgehog,2020
Batman v Superman: Dawn of Justice,2016
Hercules,1997
Django Unchained,2012
Gladiator,2000
Finding Nemo,2003
Total Recall,2012
Taken 3,2014
Halloween,2018
Fifty Shades Darker,2017
Raya and the Last Dragon,2021
Chicken Run: Dawn of the Nugget,2023
Everything Everywhere All at Once,2022
In Time,2011
Evil Dead Rise,2023
Terminator Genisys,2015
Saving Private Ryan,1998
Glass Onion: A Knives Out Mystery,2022
Batman Begins,2005
Beauty and the Beast,1991
San Andreas,2015
Gone Girl,2014
Doctor Strange in the Multiverse of Madness,2022
Fury,2014
Ant-Man and the Wasp: Quantumania,2023
Despicable Me,2010
Logan Lucky,2017
Grown Ups 2,2013
Cinderella,2015
Bullet Train,2022
Apocalypto,2006
Rocky IV,1985
Jumanji: The Next Level,2019
Extraction,2020
Bumblebee,2018
Iron Man 3,2013
Fantastic Beasts: The Secrets of Dumbledore,2022
Eyes Wide Shut,1999
Godzilla,1998
2001: A Space Odyssey,1968
Cars 3,2017
John Wick: Chapter 2,2017
Tarzan,1999
Back to the Future,1985
Shutter Island,2010
Megamind,2010
Scream,1996
Captain America: Civil War,2016
Home Alone 2: Lost in New York,1992
Shrek the Third,2007
Prometheus,2012
Ben-Hur,1959
How to Train Your Dragon 2,2014
Inglourious Basterds,2009
Catch Me If You Can,2002
World War Z,2013
Cinderella,1950
Cars,2006
Garfield,2004
Teenage Mutant Ninja Turtles,2014
Aliens,1986
A Quiet Place,2018
Top Gun,1986
Kingsman: The Secret Service,2014
Citizen Kane,1941
Hellraiser,1987
Eternals,2021
Uncharted,2022
Ex Machina,2015
Halloween,1978
American Sniper,2014
Eternal Sunshine of the Spotless Mind,2004
Despicable Me 3,2017
Get Out,2017
Heat,1995
Psycho,1960
Rocky V,1990
Rocky V,1990
John Wick: Chapter 3 - Parabellum,2019
Taken,2008
Silence,2016
Brightburn,2019
Spider-Man 3,2007
Toy Story 3,2010
Cars 2,2011
Misery,1990
Good Will Hunting,1997
Snow White and the Seven Dwarfs,1937
How to Train Your Dragon: The Hidden World,2019
Judge Dredd,1995
Sicario,2015
Ford v Ferrari,2019
Allied,2016
xXx: Return of Xander Cage,2017
Jurassic World,2015
Grown Ups,2010
Gemini Man,2019
Downsizing,2017
Lady Bird,2017
Alice in Wonderland,2010
Kate,2021
Kate,2021
Fantastic Beasts and Where to Find Them,2016
Pacific Rim,2013
After We Fell,2021
Shazam!,2019
Sing,2016
Friday,1995
X-Men: Apocalypse,2016
Predator 2,1990
Penguins of Madagascar,2014
Dark City,1998
Platoon,1986
Planet of the Apes,2001
Heart of Stone,2023
No Hard Feelings,2023
Soul,2020
Nimona,2023
Bohemian Rhapsody,2018
Cruella,2021
Transformers: Age of Extinction,2014
Ice Age: Dawn of the Dinosaurs,2009
No Country for Old Men,2007
Star Wars: The Last Jedi,2017
Annabelle: Creation,2017
Thor,2011
Ted,2012
Scream 2,1997
Jurassic World: Fallen Kingdom,2018
Tomb Raider,2018
American Pie,1999
Planet of the Apes,1968
Sneakers,1992
Kingdom of Heaven,2005
Red Sparrow,2018
Wreck-It Ralph,2012
Fargo,1996
Man of Steel,2013
Pixels,2015
Ice Age: Continental Drift,2012
Furious 7,2015
Trading Places,1983
Guardians of the Galaxy Vol. 2,2017
La La Land,2016
Spirit: Stallion of the Cimarron,2002
I Am Legend,2007
Inferno,1999
Species,1995
Total Recall,1990
May December,2023
Star Wars: The Force Awakens,2015
Rush Hour,1998
Mulan,2020
Knives Out,2019
Scouts Guide to the Zombie Apocalypse,2015
Grease,1978
War of the Worlds,2005
Hereditary,2018
Rush Hour 2,2001
American Gangster,2007
Corpse Bride,2005
Alita: Battle Angel,2019
X-Men: Days of Future Past,2014
Madagascar,2005
Blended,2014
Mission: Impossible,1996
Saltburn,2023
Chinatown,1974
Chinatown,1974
Brave,2012
Project X,2012
Monsters University,2013
American Psycho,2000
Jumanji: Welcome to the Jungle,2017
A Beautiful Mind,2001
Hidden Figures,2016
Insidious: The Red Door,2023
Meet Joe Black,1998
Insurgent,2015
Now You See Me,2013
Aladdin,2019
How to Train Your Dragon,2010
Glass,2019
First Blood,1982
Ice Age: The Meltdown,2006
Troy,2004
Independence Day,1996
Rambo,2008
Ready Player One,2018
Ready or Not,2019
Life,2017
Zombieland,2009
Rush Hour 3,2007
Watchmen,2009
Aladdin,1992
Black Hawk Down,2001
Ghostbusters II,1989
Sleeping Beauty,1959
Geostorm,2017
Hocus Pocus 2,2022
Rampage,2018
Edge of Tomorrow,2014
Tropic Thunder,2008
Scream,2022
Maleficent,2014
Pearl,2022
True Romance,1993
Incredibles 2,2018
Hercules,2014
Brother Bear,2003
2012,2009
Kingsman: The Golden Circle,2017
Jupiter Ascending,2015
Jupiter Ascending,2015
Back to the Future Part II,1989
Constantine,2005
Midsommar,2019
Maleficent: Mistress of Evil,2019
Contagion,2011
Raiders of the Lost Ark,1981
Rambo III,1988
Thor: The Dark World,2013
Oblivion,2013
Taken 2,2012
Descendants 3,2019
Need for Speed,2014
Rambo: First Blood Part II,1985
Texas Chainsaw 3D,2013
Journey 2: The Mysterious Island,2012
Call Me by Your Name,2017
Edward Scissorhands,1990
Drive,2011
Rings,2017
Teenage Mutant Ninja Turtles: Out of the Shadows,2016
Men in Black,1997
Indiana Jones and the Last Crusade,1989
Creed,2015
Supervixens,1975
Tomorrowland,2015
Transformers: The Last Knight,2017
Quantum of Solace,2008
Twister,1996
A Good Day to Die Hard,2013
Descendants,2015
Blade Runner,1982
Underworld,2003
Shark Tale,2004
Casino Royale,2006
Spiral: From the Book of Saw,2021
Just Go with It,2011
Ralph Breaks the Internet,2018
Angel Heart,1987
Legally Blonde,2001
Rio,2011
Monster Hunter,2020
After.Life,2009
Tinker Bell and the Lost Treasure,2009
Tinker Bell,2008
Peter Pan,1953
Bolt,2008
Click,2006
Scary Movie,2000
Cloudy with a Chance of Meatballs 2,2013
Sherlock Holmes,2009
Smile,2022
Armageddon,1998
Wind River,2017
Nightcrawler,2014
Jigsaw,2017
Evil Dead,2013
Army of Thieves,2021
Pacific Rim: Uprising,2018
John Wick,2014
Wrong Turn,2003
Now You See Me 2,2016
Warcraft,2016
65,2023
Star Wars: Episode III - Revenge of the Sith,2005
Dunkirk,2017
Mission: Impossible - Rogue Nation,2015
Mission: Impossible - Ghost Protocol,2011
Battleship,2012
Independence Day: Resurgence,2016
Hotel Transylvania,2012
Hotel Transylvania,2012
Ice Age: Collision Course,2016
Fantastic Beasts: The Crimes of Grindelwald,2018
Greyhound,2020
Highlander,1986
Highlander,1986
One Hundred and One Dalmatians,1961
Shooter,2007
Rambo: Last Blood,2019
Ant-Man,2015
Puss in Boots,2011
Central Intelligence,2016
Infinity Pool,2023
Dr. No,1962
Meet the Robinsons,2007
Uncut Gems,2019
About Time,2013
Get Real,1998
Trolls World Tour,2020
Star Trek Beyond,2016
Dawn of the Dead,2004
Daredevil,2003
Robots,2005
White House Down,2013
Divergent,2014
Blue Lagoon: The Awakening,2012
Coming to America,1988
Captain America: The First Avenger,2011
Scary Movie 2,2001
Austin Powers: The Spy Who Shagged Me,1999
Predators,2010
Terrifier 2,2022
One Day,2011
A Clockwork Orange,1971
Collateral Beauty,2016
American History X,1998
Monsters vs Aliens,2009
Bride of Chucky,1998
Superbad,2007
Valerian and the City of a Thousand Planets,2017
Die Hard: With a Vengeance,1995
Mortal Kombat,2021
Space Jam: A New Legacy,2021
Kill Bill: Vol. 1,2003
Renfield,2023
Jack Reacher,2012
Bambi,1942
Blue Velvet,1986
Her,2013
Friday the 13th,1980
Saw,2004
M3GAN,2022
Joseph: King of Dreams,2000
Point Break,1991
Angel Has Fallen,2019
Flushed Away,2006
Terminator: Dark Fate,2019
Jason Bourne,2016
Sausage Party,2016
Southpaw,2015
Damien: Omen II,1978
Underworld: Blood Wars,2016
Elvis,2022
Kick-Ass,2010
Carrie,1976
Bridge to Terabithia,2007
300: Rise of an Empire,2014
Teen Wolf,1985
Descendants 2,2017
Braveheart,1995
Gone with the Wind,1939
A Walk to Remember,2002
Rango,2011
Reservoir Dogs,1992
Cop Land,1997
10 Things I Hate About You,1999
Mulan II,2004
Dumbo,1941
10 Things I Hate About You,1999
Mulan II,2004
Dumbo,1941
Pinocchio,2022
Hitman: Agent 47,2015
Star Trek,2009
Bound,1996
Hotel Transylvania 2,2015
Home,2015
Superfast!,2015
Unbreakable,2000
Clash of the Titans,2010
Batman,1989
From Russia with Love,1963
Red Notice,2021
Terminator 3: Rise of the Machines,2003
Violent Night,2022
Fired Up!,2009
Fired Up!,2009
Indiana Jones and the Temple of Doom,1984
Cinderella,2021
Bad Boys,1995
Speed,1994
Treasure Planet,2002
Mission: Impossible II,2000
Chicken Little,2005
Matilda,1996
Indiana Jones and the Kingdom of the Crystal Skull,2008
Death on the Nile,1978
Indiana Jones and the Kingdom of the Crystal Skull,2008
Death on the Nile,1978
9,2009
Fantastic Four,2005
Trolls,2016
Crank,2006
Ouija,2014
Barbie in the 12 Dancing Princesses,2006
Olympus Has Fallen,2013
Pinocchio,1940
Die Another Day,2002
Monster House,2006
Dirty Dancing,1987
Zombieland: Double Tap,2019
CODA,2021
Blockers,2018
American Pie 2,2001
Booksmart,2019
Saw VI,2009
Rise of the Guardians,2012
Prince of Persia: The Sands of Time,2010
Interview with the Vampire,1994
John Carter,2012
Star Trek Into Darkness,2013
Crooklyn,1994
Spartacus,1960
Die Hard 2,1990
Jolt,2021
Orphan,2009
Limitless,2011
Chaos Walking,2021
Batman Forever,1995
District 9,2009
Love and Monsters,2020
Ghost Rider,2007
Robin Hood: Prince of Thieves,1991
Kill Bill: Vol. 2,2004
War Dogs,2016
Lady and the Tramp,1955
Jungle Cruise,2021
G.I. Joe: Retaliation,2013
Long Shot,2019
Diamonds Are Forever,1971
Perfume: The Story of a Murderer,2006
Apocalypse Now,1979
(500) Days of Summer,2009
Octopussy,1983
Tusk,2014
American Pie Presents: Beta House,2007
Bruce Almighty,2003
Five Feet Apart,2019
How the Grinch Stole Christmas,2000
Bee Movie,2007
Love Actually,2003
Freddy vs. Jason,2003
Cloud Atlas,2012
Cult of Chucky,2017
Rio 2,2014
Unforgiven,1992
Alice Through the Looking Glass,2016
Death on the Nile,2022
Sinbad: Legend of the Seven Seas,2003
Scary Movie 3,2003
Gods of Egypt,2016
Insidious: Chapter 2,2013
Little Shop of Horrors,1986
Star Wars: Episode I - The Phantom Menace,1999
Clueless,1995
Skyfall,2012
Ambulance,2022
Night at the Museum: Secret of the Tomb,2014
Storks,2016
Ghost,1990
Goldfinger,1964
Bright,2017
Bright,2017
Barbie: Princess Charm School,2011
Passengers,2016
Noah,2014
Ninja Assassin,2009
Rocketman,2019
Bottoms,2023
Slumdog Millionaire,2008
Road House,1989
Transporter 3,2008
Licence to Kill,1989
What Happened to Monday,2017
Lord of War,2005
Annie,2014
Dead Poets Society,1989
Gattaca,1997
From Dusk Till Dawn,1996
Slender Man,2018
Hard Target,1993
Pretty Woman,1990
Midway,2019
Hot Fuzz,2007
Boyz n the Hood,1991
Strange World,2022
Wonder,2017
Back to the Future Part III,1990
Cloudy with a Chance of Meatballs,2009
Lisa Frankenstein,2024
El Camino: A Breaking Bad Movie,2019
Leave No Trace,2018
Deepwater Horizon,2016
Jack Reacher: Never Go Back,2016
Melancholia,2011
Legend,1985
Solo: A Star Wars Story,2018
Chicken Run,2000
Us Again,2021
Jack the Giant Slayer,2013
Norbit,2007
Shaun of the Dead,2004
Ghost Rider: Spirit of Vengeance,2011
2 Guns,2013
Finding Dory,2016
Black Swan,2010
Mission: Impossible III,2006
Showgirls,1995
Final Destination,2000
Star Wars: Episode II - Attack of the Clones,2002
Saw II,2005
Zodiac,2007
Rocky III,1982
Asteroid City,2023
Upgrade,2018
Ferdinand,2017
Murder on the Orient Express,2017
Ant-Man and the Wasp,2018
Animal House,1978
Mr. Nobody,2009
Tinker Bell and the Great Fairy Rescue,2010
Nope,2022
Predestination,2014
Yes Man,2008
Dirty Grandpa,2016
Captain Fantastic,2016
Doctor Sleep,2019
Those Who Wish Me Dead,2021
Die Hard,1988
American Beauty,1999
Labyrinth,1986
Sin City,2005
"I, Robot",2004
Hustlers,2019
Bad Boys II,2003
Paddington 2,2017
Abraham Lincoln: Vampire Hunter,2012
Insidious: Chapter 3,2015
Odd Thomas,2013
Men in Black II,2002
Never Back Down,2008
Life of Pi,2012
Tremors,1990
Lawrence of Arabia,1962
Pet Sematary,2019
Dawn of the Dead,1978
Cast Away,2000
Surrogates,2009
Green Lantern,2011
True Lies,1994
Thunderball,1965
"Three Billboards Outside Ebbing, Missouri",2017
Seed of Chucky,2004
Demolition Man,1993
Mad Max,1979
Pearl Harbor,2001
Hulk,2003
"Crazy, Stupid, Love.",2011
A Few Good Men,1992
"Crazy, Stupid, Love.",2011
A Few Good Men,1992
Legion,2010
Paul,2011
Men in Black: International,2019
Underworld: Rise of the Lycans,2009
Point Break,2015
Underworld: Awakening,2012
No Strings Attached,2011
Horton Hears a Who!,2008
Space Jam,1996
Over the Hedge,2006
Vertigo,1958
Jojo Rabbit,2019
Amadeus,1984
Jumper,2008
Turbo,2013
Addams Family Values,1993
Scooby-Doo,2002
Pitch Perfect 2,2015
Palm Springs,2020
21,2008
Enchanted,2007
Wanted,2008
Overlord,2018
Overlord,2018
Hellboy II: The Golden Army,2008
Lightyear,2022
Enemy at the Gates,2001
Dances with Wolves,1990
Commando,1985
Mrs. Doubtfire,1993
I Am Number Four,2011
Lolita,1997
Saw III,2006
Tetris,2023
Looper,2012
Haunted Mansion,2023
Sinister,2012
EuroTrip,2004
Abominable,2019
10 Cloverfield Lane,2016
Death Race,2008
You Only Live Twice,1967
Deuce Bigalow: Male Gigolo,1999
My Girl,1991
Power Rangers,2017
Van Helsing,2004
Goosebumps,2015
True Lies,1994
Focus,2015
Ghost in the Shell,2017
Final Destination 2,2003
Halloween Ends,2022
Nacho Libre,2006
Fruitvale Station,2013
Straight Outta Compton,2015
Happy Feet,2006
Event Horizon,1997
Event Horizon,1997
Freaky Friday,2003
Terminator Salvation,2009
Sex and the City,2008
Little Women,2019
Anastasia,1997
Sherlock Holmes: A Game of Shadows,2011
What Men Want,2019
Contact,1997
Basic Instinct,1992
Conan the Barbarian,1982
I Am Mother,2019
Final Destination 3,2006
Sin City: A Dame to Kill For,2014
Final Destination 5,2011
Lionheart,1990
R.I.P.D.,2013
Rocky Balboa,2006
Silent Hill,2006
Atomic Blonde,2017
Howards End,1992
12 Years a Slave,2013
Seventh Son,2014
Disenchanted,2022
Knowing,2009
G.I. Joe: The Rise of Cobra,2009
Rough Night,2017
Rocky II,1979
Tag,2018
Jason X,2001
Tag,2018
Jason X,2001
Stripes,1981
Liar Liar,1997
Inferno,2016
Vacation,2015
Boyhood,2014
Scream 3,2000
Last Night in Soho,2021
Onward,2020
Blow,2001
Overboard,2018
Alvin and the Chipmunks: Chipwrecked,2011
Captain Underpants: The First Epic Movie,2017
Groundhog Day,1993
Rush,2013
Game Night,2018
Saw V,2008
Lethal Weapon,1987
Chronicle,2012
Police Academy,1984
Hocus Pocus,1993
Annie,1982
Memento,2000
Blackhat,2015
Gone in Sixty Seconds,2000
Hollow Man,2000
Sully,2016
Hellboy,2004
Creepshow 2,1987
Training Day,2001
"Love, Simon",2018
"Love, Simon",2018
Sucker Punch,2011
Homefront,2013
Tombstone,1993
Cold Pursuit,2019
Original Sin,2001
17 Again,2009
Alvin and the Chipmunks: The Road Chip,2015
Sleepless in Seattle,1993
American Assassin,2017
Saw IV,2007
Dolittle,2020
Romeo + Juliet,1996
Magnolia,1999
What Women Want,2000
Scott Pilgrim vs. the World,2010
Evolution,2001
Mary Poppins,1964
Hancock,2008
Signs,2002
Fantastic Four: Rise of the Silver Surfer,2007
Pandorum,2009
Dora and the Lost City of Gold,2019
"Paris, Texas",1984
Rear Window,1954
Flipped,2010
Blade of the 47 Ronin,2022
Me Time,2022
Unstoppable,2010
A Walk Among the Tombstones,2014
Wrath of the Titans,2012
Face/Off,1997
Live Free or Die Hard,2007
Annabelle,2014
Step Up,2006
Coming 2 America,2021
What Lies Beneath,2000
What Lies Beneath,2000
Body of Lies,2008
Twelve Monkeys,1995
Guardians of the Galaxy,2014
Okja,2017
13 Going on 30,2004
Mission to Mars,2000
Idiocracy,2006
Starship Troopers 3: Marauder,2008
Mystic River,2003
For Your Eyes Only,1981
Unbroken,2014
Unbroken,2014
Superman Returns,2006
Congo,1995
1917,2019
8 Mile,2002
GoldenEye,1995
Poseidon,2006
Ava,2020
Hot Shots! Part Deux,1993
Suspiria,2018
Texas Chainsaw Massacre,2022
Texas Chainsaw Massacre,2022
Not Another Teen Movie,2001
Jaws 3-D,1983
Friends with Benefits,2011
Fireproof,2008
Fright Night,1985
Don Jon,2013
Jeepers Creepers,2001
Anaconda,1997
Double Impact,1991
Lara Croft: Tomb Raider,2001
21 Jump Street,2012
Scary Movie 4,2006
Full Metal Jacket,1987
Transporter 2,2005
Mamma Mia!,2008
Who Framed Roger Rabbit,1988
Battle: Los Angeles,2011
Butch Cassidy and the Sundance Kid,1969
Brooklyn,2015
Detroit,2017
Air,2023
Brother Bear 2,2006
Colombiana,2011
Horrible Bosses 2,2014
Friday the 13th Part III,1982
Fantastic Mr. Fox,2009
Jackie,2016
Richard Jewell,2019
Minions,2015
Tomorrow Never Dies,1997
Super 8,2011
Atonement,2007
Brokeback Mountain,2005
Starship Troopers,1997
An American Werewolf in London,1981
Deep Impact,1998
Cliffhanger,1993
Beverly Hills Cop,1984
Enemy of the State,1998
Zathura: A Space Adventure,2005
Panic Room,2002
Mortal Engines,2018
Home on the Range,2004
Thir13en Ghosts,2001
Little Children,2006
Star Trek: First Contact,1996
"O Brother, Where Art Thou?",2000
Poltergeist,1982
Nanny McPhee,2005
Salt,2010
Serenity,2019
Salt,2010
Serenity,2019
Immortals,2011
Blade: Trinity,2004
Pride and Prejudice and Zombies,2016
101 Dalmatians,1996
Epic,2013
Carrie,2013
Self/less,2015
Galaxy Quest,1999
Triple Frontier,2019
Old,2021
RocknRolla,2008
Cleopatra,1963
Pretty Baby,1978
Waterworld,1995
Spies in Disguise,2019
Virus,1999
Falling Down,1993
Home Alone 3,1997
Tarot,2024
Brick Mansions,2014
Spider-Man 2,2004
Pitch Perfect 3,2017
Scream 4,2011
Trainspotting,1996
Enter the Dragon,1973
Flight,2012
"Love, Rosie",2014
Robin Hood,1973
All Dogs Go to Heaven,1989
Fantastic Four,2015
Hitman,2007
Oz the Great and Powerful,2013
Crazy Rich Asians,2018
Yesterday,2019
King Richard,2021
True Grit,2010
Warrior,2011
Blade II,2002
Captain America: The Winter Soldier,2014
Cloverfield,2008
Blade II,2002
Captain America: The Winter Soldier,2014
Cloverfield,2008
Apollo 13,1995
Mortal Kombat,1995
Step Up All In,2014
Robin Hood,2018
Christine,1983
Murder Mystery,2019
Triangle,2009
Big,1988
Fresh,2022
Cold Mountain,2003
Knight and Day,2010
Riddick,2013
It Lives Inside,2023
Leap Year,2010
Death Proof,2007
Death Proof,2007
Enola Holmes 2,2022
There Will Be Blood,2007
Shallow Hal,2001
Unfaithful,2002
Legends of the Fall,1994
Dr. Strangelove or: How I Learned to Stop Worrying and Love the Bomb,1964
Antz,1998
Easy A,2010
Beowulf,2007
Joy,2015
Escape Plan,2013
Teenage Mutant Ninja Turtles III,1993
Cruel Intentions,1999
A Cinderella Story,2004
I Origins,2014
Conan the Barbarian,2011
Good Boys,2019
Spotlight,2015
House of Wax,2005
Clash of the Titans,1981
Rain Man,1988
Inside Man,2006
Into the Wild,2007
Army of the Dead,2021
Beverly Hills Cop III,1994
Million Dollar Baby,2004
127 Hours,2010
Red Dawn,2012
Airplane!,1980
House of Gucci,2021
They Live,1988
Elektra,2005
Raging Bull,1980
Hook,1991
Romeo and Juliet,1968
Moonraker,1979
Solaris,2002
Bloodsport,1988
Step Up 3D,2010
Blonde,2022
Blonde,2022
Meet the Spartans,2008
Sing Street,2016
Ballerina,2016
Ace Ventura: Pet Detective,1994
Moulin Rouge!,2001
Conan the Destroyer,1984
Sweeney Todd: The Demon Barber of Fleet Street,2007
Red Eye,2005
Behind Enemy Lines,2001
Live and Let Die,1973
Boogie Nights,1997
Flash Gordon,1980
Takers,2010
Oldboy,2013
6 Underground,2019
Nanny McPhee and the Big Bang,2010
Barbie and the Diamond Castle,2008
Borat Subsequent Moviefilm,2020
Pompeii,2014
Cobra,1986
Broken Arrow,1996
Friday the 13th,2009
Everest,2015
Dog Soldiers,2002
Happy Feet Two,2011
Umma,2022
Manhattan,1979
Sleepers,1996
Red Sonja,1985
Spirited,2022
Friday the 13th Part 2,1981
Hop,2011
Sunshine,2007
Miss Congeniality,2000
Desperado,1995
Stardust,2007
Wild Hogs,2007
National Treasure,2004
Escape from the Planet of the Apes,1971
Hitch,2005
Excalibur,1981
Excalibur,1981
Life of Brian,1979
Escape Room: Tournament of Champions,2021
Under the Skin,2014
Star Trek: The Motion Picture,1979
Children of Men,2006
Silent Hill: Revelation 3D,2012
A Million Ways to Die in the West,2014
Curse of Chucky,2013
RoboCop 3,1993
Lion,2016
Justice League: Throne of Atlantis,2015
Lone Survivor,2013
Superman II,1980
Emma.,2020
Teenage Mutant Ninja Turtles,1990
Jarhead,2005
Natural Born Killers,1994
Legend,2015
Mama,2013
Midnight in Paris,2011
Son of the Mask,2005
Diary of a Wimpy Kid: Rodrick Rules,2011
Planes,2013
Horrible Bosses,2011
An Officer and a Gentleman,1982
Babe,1995
TMNT,2007
Paul Blart: Mall Cop 2,2015
Willow,1988
Robin Hood,2010
Wedding Crashers,2005
Bridesmaids,2011
August Rush,2007
A Haunted House,2013
Escape from New York,1981
Sweet Girl,2021
Safe,2012
Barbie in the Nutcracker,2001
Fracture,2007
New Nightmare,1994
Equilibrium,2002
Death Becomes Her,1992
BlacKkKlansman,2018
Scent of a Woman,1992
Ghost Ship,2002
Duel,1971
S.W.A.T.,2003
Woodlawn,2015
Dracula Untold,2014
Ocean's Thirteen,2007
Ocean's Thirteen,2007
A Beautiful Day in the Neighborhood,2019
Dreamcatcher,2003
Outbreak,1995
Annie Hall,1977
A View to a Kill,1985
Casper,1995
Instant Family,2018
Stuart Little,1999
3:10 to Yuma,2007
Clerks II,2006
Vice,2015
Emily the Criminal,2022
Austin Powers in Goldmember,2002
Wild Child,2008
Missing,2023
Jiu Jitsu,2020
Sliver,1993
National Treasure: Book of Secrets,2007
Ocean's Twelve,2004
Fist Fight,2017
Barbarian,2022
After Earth,2013
Elephant,2003
Klaus,2019
Bedtime Stories,2008
Babel,2006
Super Mario Bros.,1993
Blazing Saddles,1974
Survivor,2015
47 Ronin,2013
Minority Report,2002
Anger Management,2003
Z-O-M-B-I-E-S,2018
Anger Management,2003
Z-O-M-B-I-E-S,2018
Zero Dark Thirty,2012
Hoodwinked!,2005
Scooby-Doo on Zombie Island,1998
Captain Phillips,2013
Eagle Eye,2008
Taxi,2004
Casino Royale,1967
Revolutionary Road,2008
Do Revenge,2022
30 Days of Night,2007
Manchester by the Sea,2016
Monster,2003
Batman: Mask of the Phantasm,1993
Paranormal Activity 4,2012
Journey to the Center of the Earth,2008
Unknown,2011
Paddington,2014
Lucky Number Slevin,2006
Darkest Hour,2017
WarGames,1983
Blue Streak,1999
Only the Brave,2017
Warm Bodies,2013
Sister Act 2: Back in the Habit,1993
Night at the Museum: Battle of the Smithsonian,2009
Jackie Brown,1997
Beverly Hills Chihuahua,2008
Mean Girls 2,2011
Hell or High Water,2016
Hotel Artemis,2018
Malignant,2021
Mars Attacks!,1996
Big Fish,2003
Happy Gilmore,1996
Open Season,2006
Unhinged,2020
Unhinged,2020
Spy Kids: Armageddon,2023
Doctor Dolittle,1998
"Honey, I Shrunk the Kids",1989
Confessions of a Shopaholic,2009
48 Hrs.,1982
American Graffiti,1973
Hellraiser: Bloodline,1996
Valkyrie,2008
Krampus,2015
Krampus,2015
Spy Kids 3-D: Game Over,2003
Bodies Bodies Bodies,2022
Tremors II: Aftershocks,1996
Still Alice,2014
Where the Crawdads Sing,2022
Spaceballs,1987
Public Enemies,2009
"Mickey, Donald, Goofy: The Three Musketeers",2004
Teen Titans Go! To the Movies,2018
Jaws: The Revenge,1987
Triangle of Sadness,2022
Isle of Dogs,2018
Hugo,2011
Promising Young Woman,2020
L.A. Confidential,1997
"Angus, Thongs and Perfect Snogging",2008
Overboard,1987
Barbie as Rapunzel,2002
In the Heart of the Sea,2015
Eragon,2006
Tank Girl,1995
Jack and Jill,2011
Pitch Perfect,2012
Resident Evil,2002
Ace Ventura: When Nature Calls,1995
Resident Evil,2002
Ace Ventura: When Nature Calls,1995
Wonder Park,2019
Faster,2010
Collateral,2004
Chupa,2023
Alexander,2004
Gran Torino,2008
Dark Shadows,2012
1408,2007
Beverly Hills Cop II,1987
Donnie Brasco,1997
Step Up 2: The Streets,2008
Operation Finale,2018
Ladyhawke,1985
Operation Finale,2018
Ladyhawke,1985
Crocodile Dundee,1986
Escape Room,2019
Bad Teacher,2011
Elf,2003
Romancing the Stone,1984
Last Action Hero,1993
Gone Baby Gone,2007
Inside Llewyn Davis,2013
Police Academy 6: City Under Siege,1989
Anchorman 2: The Legend Continues,2013
Payback,1999
Freedom Writers,2007
A Most Violent Year,2014
Sleepy Hollow,1999
Downton Abbey,2019
Gamer,2009
Mannequin,1987
Truth or Dare,2018
Punch-Drunk Love,2002
Kubo and the Two Strings,2016
Halloween,2007
Before Sunrise,1995
"Confess, Fletch",2022
Aloha,2015
Army of Darkness,1992
Striptease,1996
Memoirs of a Geisha,2005
End of Watch,2012
Close Encounters of the Third Kind,1977
Weird Science,1985
Peter Pan,2003
Cherry,2021
Candyman,1992
Wild Things,1998
Iron Sky: The Coming Race,2019
Philadelphia,1993
Room,2015
Us,2019
Old School,2003
First Man,2018
Cruising,1980
How to Lose a Guy in 10 Days,2003
Uncle Buck,1989
Tootsie,1982
Anchorman: The Legend of Ron Burgundy,2004
Hostel: Part II,2007
Paranormal Activity 2,2010
Moonrise Kingdom,2012
Miss Bala,2019
Song of the South,1946
Big Trouble in Little China,1986
Inkheart,2008
Jurassic Park,1993
Popeye,1980
Underwater,2020
Transcendence,2014
RV,2006
Wings,1927
Touch of Evil,1958
Big Daddy,1999
Creep,2014
Fantasy Island,2020
Lights Out,2016
Superman III,1983
Cheaper by the Dozen 2,2005
Serendipity,2001
Selena,1997
Remember the Titans,2000
Escape from Alcatraz,1979
Beautiful Boy,2018
Friday the 13th Part VI: Jason Lives,1986
Sky High,2005
Traffic,2000
Braven,2018
Superhero Movie,2008
Lethal Weapon 4,1998
Herbie Fully Loaded,2005
Police Academy 2: Their First Assignment,1985
Saturday Night Fever,1977
Insomnia,2002
James and the Giant Peach,1996
Major League,1989
Justice League Dark: Apokolips War,2020
Twins,1988
Doom,2005
Dirty Harry,1971
Robin Hood: Men in Tights,1993
Gremlins 2: The New Batch,1990
Inherent Vice,2014
Superman IV: The Quest for Peace,1987
Planet Terror,2007
Enola Holmes,2020
Drag Me to Hell,2009
Fantasia,1940
Romeo Must Die,2000
Atlantis: The Lost Empire,2001
Barbie as the Island Princess,2007
Catwoman,2004
Bitter Moon,1992
Polite Society,2023
28 Weeks Later,2007
Dante's Peak,1997
Professor Marston and the Wonder Women,2017
Wolfwalkers,2020
Almost Famous,2000
Secretary,2002
Max,2015
Max,2015
Death Race 2000,1975
Kingpin,1996
Body Double,1984
Barbie and the Magic of Pegasus,2005
Primal Fear,1996
Tower Heist,2011
Juno,2007
Indecent Proposal,1993
Timeline,2003
Silver Linings Playbook,2012
A Nightmare on Elm Street,2010
Coyote Ugly,2000
Bicentennial Man,1999
Ben-Hur,2016
Scary Stories to Tell in the Dark,2019
To All the Boys: Always and Forever,2021
Police Academy 3: Back in Training,1986
Red Riding Hood,2011
Triple 9,2016
Frankenweenie,2012
Spy,2015
Papillon,1973
Iron Sky,2012
Crimson Peak,2015
Little Nicky,2000
RoboCop 2,1990
Ronin,1998
Step Brothers,2008
Supergirl,1984
No Exit,2022
Thirteen Lives,2022
Widows,2018
Nightmare Alley,2021
Last Christmas,2019
"I, Frankenstein",2014
Road to Perdition,2002
How to Be Single,2016
"Girl, Interrupted",1999
Mortal Kombat: Annihilation,1997
Thick as Thieves,2009
Cheaper by the Dozen,2003
Trainwreck,2015
AVP: Alien vs. Predator,2004
American Hustle,2013
Cujo,1983
Run All Night,2015
True Grit,1969
G-Force,2009
Hunt for the Wilderpeople,2016
Eastern Promises,2007
Meet the Parents,2000
Alpha,2018
High School Musical,2006
Crawl,2019
Office Christmas Party,2016
Year One,2009
Once Upon a Time in Mexico,2003
Crash,1996
Hostiles,2017
Hostiles,2017
Jaws 2,1978
Paranormal Activity,2007
Footloose,2011
Over the Moon,2020
Pineapple Express,2008
Jerry Maguire,1996
Mary Poppins Returns,2018
Barbarella,1968
Mary Poppins Returns,2018
Barbarella,1968
Phantom Thread,2017
Just Like Heaven,2005
Men of Honor,2000
Four Weddings and a Funeral,1994
Vertical Limit,2000
Fighting with My Family,2019
Seven Years in Tibet,1997
Young Adult,2011
Young Adult,2011
Europa Report,2013
Sixteen Candles,1984
Flightplan,2005
A Dirty Shame,2004
Street Fighter,1994
Kangaroo Jack,2003
American Gigolo,1980
Identity Thief,2013
Victor Frankenstein,2015
Get Smart,2008
Cutthroat Island,1995
Convoy,1978
Shanghai Knights,2003
Lethal Weapon 2,1989
Spy Kids,2001
Leaving Las Vegas,1995
I Know What You Did Last Summer,1997
Brokedown Palace,1999
Marriage Story,2019
Species II,1998
Match Point,2005
Stealing Beauty,1996
Stealing Beauty,1996
City of Ember,2008
Runaway Bride,1999
Vanilla Sky,2001
Crimson Tide,1995
Carriers,2009
Hot Tub Time Machine,2010
Daddy Day Care,2003
Lawless,2012
Eddie the Eagle,2016
Beethoven,1992
Escobar: Paradise Lost,2014
What Dreams May Come,1998
3 Days to Kill,2014
Argo,2012
Breach,2020
Smallfoot,2018
Night at the Museum: Kahmunrah Rises Again,2022
King of Kings,1961
American Made,2017
Paranormal Activity: The Marked Ones,2014
How to Make an American Quilt,1995
St. Vincent,2014
Secretariat,2010
Steve Jobs,2015
Any Given Sunday,1999
Air Force One,1997
Push,2009
ParaNorman,2012
"To Wong Foo, Thanks for Everything! Julie Newmar",1995
Caddyshack,1980
How High,2001
How to Be a Latin Lover,2017
Red Tails,2012
Jingle All the Way,1996
Johnny English Reborn,2011
Four Brothers,2005
Miami Vice,2006
Vivarium,2019
Coherence,2013
Color of Night,1994
Nocturnal Animals,2016
25th Hour,2002
Around the World in 80 Days,2004
Gettysburg,1993
Shadow in the Cloud,2020
Risky Business,1983
Deep Blue Sea,1999
Rope,1948
Parker,2013
Parker,2013
War Machine,2017
Jack Ryan: Shadow Recruit,2014
Role Models,2008
Fear,1996
"Roman J. Israel, Esq.",2017
Courageous,2011
Modern Times,1936
Dark Skies,2013
Dolores Claiborne,1995
Body Heat,1981
Dr. Dolittle 2,2001
To All the Boys: P.S. I Still Love You,2020
Identity,2003
We Were Soldiers,2002
Back to the Outback,2021
My Cousin Vinny,1992
I Feel Pretty,2018
Ouija: Origin of Evil,2016
Maximum Overdrive,1986
"Crouching Tiger, Hidden Dragon: Sword of Destiny",2016
Diary of a Wimpy Kid,2010
Coneheads,1993
Miss Sloane,2016
A Simple Favor,2018
Hidden,2015
Astro Boy,2009
Hudson Hawk,1991
Polar,2019
Kickboxer,1989
Cape Fear,1991
Mamma Mia! Here We Go Again,2018
Clue,1985
Mamma Mia! Here We Go Again,2018
Clue,1985
Teenage Mutant Ninja Turtles II: The Secret of the Ooze,1991
Walk the Line,2005
Moonstruck,1987
Burlesque,2010
Bachelor Party,1984
Ella Enchanted,2004
Sense and Sensibility,1995
Next Friday,2000
Yes Day,2021
Percy Jackson: Sea of Monsters,2013
Barnyard,2006
Monster-in-Law,2005
A Bridge Too Far,1977
Unlocked,2017
Demolition,2015
We Bought a Zoo,2011
Police Academy: Mission to Moscow,1994
Run,2020
Clear and Present Danger,1994
Eight Below,2006
This Is the End,2013
Ride Along 2,2016
Winnie the Pooh,2011
Max Payne,2008
Ride Along 2,2016
Winnie the Pooh,2011
Max Payne,2008
Buffy the Vampire Slayer,1992
Swamp Thing,1982
Monty Python and the Holy Grail,1975
Fatherhood,2021
Changeling,2008
Pieces of a Woman,2020
Stepmom,1998
Sister Act,1992
DOA: Dead or Alive,2006
American Psycho II: All American Girl,2002
Before I Go to Sleep,2014
Kajillionaire,2020
Neighbors,2014
Black Mass,2015
A Streetcar Named Desire,1951
Knocked Up,2007
Bridget Jones: The Edge of Reason,2004
Slither,2006
Waiting...,2005
Epic Movie,2007
A History of Violence,2005
Final Fantasy: The Spirits Within,2001
City of Angels,1998
"Definitely, Maybe",2008
Jimmy Neutron: Boy Genius,2001
Uptown Girls,2003
Where the Wild Things Are,2009
Vicky Cristina Barcelona,2008
Margin Call,2011
Margin Call,2011
Christopher Robin,2018
Kiss of the Dragon,2001
Glory,1989
Austin Powers: International Man of Mystery,1997
Midnight Cowboy,1969
Midnight Cowboy,1969
Cop Out,2010
Kidnap,2017
Friday the 13th Part VIII: Jason Takes Manhattan,1989
Defiance,2008
Blue Jasmine,2013
Bridge of Spies,2015
Resident Evil: Apocalypse,2004
Star Trek V: The Final Frontier,1989
"10,000 BC",2008
Star Trek V: The Final Frontier,1989
"10,000 BC",2008
Office Space,1999
Aquamarine,2006
Kiss the Girls,1997
Dog Day Afternoon,1975
It Comes at Night,2017
Step Up Revolution,2012
Machete,2010
Police Academy 4: Citizens on Patrol,1987
Reptile,2023
High Plains Drifter,1973
Mike and Dave Need Wedding Dates,2016
Flashdance,1983
Passenger 57,1992
Mirror Mirror,2012
Last Knights,2015
Two Moon Junction,1988
Freaky,2020
Diary of a Wimpy Kid: The Long Haul,2017
From Hell,2001
Skyline,2010
Straw Dogs,1971
Small Soldiers,1998
Dragon: The Bruce Lee Story,1993
What a Girl Wants,2003
Monster Trucks,2016
No Reservations,2007
Daylight,1996
P.S. I Love You,2007
As Good as It Gets,1997
47 Meters Down,2017
Free Willy,1993
Free Willy,1993
House at the End of the Street,2012
Meet the Fockers,2004
Mary Queen of Scots,2018
Marie Antoinette,2006
This Is Where I Leave You,2014
Frida,2002
Rebel Without a Cause,1955
Forgetting Sarah Marshall,2008
Barry Lyndon,1975
Bonnie and Clyde,1967
Titan A.E.,2000
Walking Tall,2004
Just Mercy,2019
Balto,1995
Three Days of the Condor,1975
Hellraiser III: Hell on Earth,1992
Johnny English Strikes Again,2018
Pale Rider,1985
Young Frankenstein,1974
Johnny English,2003
Jesus Christ Superstar,1973
My Spy,2020
Life of the Party,2018
Bride Wars,2009
Pumpkinhead,1988
Where Eagles Dare,1968
Showdown in Little Tokyo,1991
City Lights,1931
Letters from Iwo Jima,2006
Good Burger,1997
V/H/S,2012
Barbie: The Pearl Princess,2014
Rat Race,2001
Volcano,1997
Criminal,2016
Bambi II,2006
Priest,2011
Priest,2011
Gunpowder Milkshake,2021
Splash,1984
Into the Storm,2014
Hard Candy,2005
Premium Rush,2012
Zola,2020
Concussion,2015
Cinderella Man,2005
Shaun the Sheep Movie,2015
Beastly,2011
Easy Rider,1969
Maid in Manhattan,2002
Meet Dave,2008
Snatched,2017
An Extremely Goofy Movie,2000
Spiderhead,2022
Hellbound: Hellraiser II,1988
Piranha,1978
Entourage,2015
Close,2019
Lovelace,2013
eXistenZ,1999
Wild Wild West,1999
In the Line of Fire,1993
Beautiful Creatures,2013
Picture Perfect,1997
Batman: Under the Red Hood,2010
Land of the Lost,2009
A Nightmare on Elm Street 4: The Dream Master,1988
Practical Magic,1998
Bullitt,1968
Bad Moms,2016
Deep Blue Sea 3,2020
Contraband,2012
Hackers,1995
Pan,2015
Swordfish,2001
Valiant,2005
Snowden,2016
Critters,1986
Igor,2008
Fried Green Tomatoes,1991
Justice League vs. Teen Titans,2016
Case 39,2009
Licorice Pizza,2021
Erin Brockovich,2000
My Little Pony: A New Generation,2021
Star Trek: Nemesis,2002
A Fish Called Wanda,1988
No Sudden Move,2021
Bullet to the Head,2012
Bullet to the Head,2012
Lost in Space,1998
Sabotage,2014
102 Dalmatians,2000
Talladega Nights: The Ballad of Ricky Bobby,2006
13 Minutes,2021
Ghost Dog: The Way of the Samurai,1999
Runaway Jury,2003
Bowfinger,1999
I Still Know What You Did Last Summer,1998
Women Talking,2022
Boiler Room,2000
Midnight Special,2016
Senior Year,2022
P2,2007
Wildling,2018
Moana,2016
Forbidden Planet,1956
Dial M for Murder,1954
Lost Highway,1997
T2 Trainspotting,2017
Raising Arizona,1987
Up in the Air,2009
Secret Obsession,2019
Secret Obsession,2019
A Ghost Story,2017
Eraser,1996
Thunder Force,2021
This Is 40,2012
Non-Stop,2014
Scooby-Doo! Camp Scare,2010
Mirrors,2008
West Side Story,2021
Chef,2014
Cool Hand Luke,1967
Buried,2010
Planet 51,2009
Homeward Bound: The Incredible Journey,1993
Paranormal Activity 3,2011
2010,1984
Doctor Zhivago,1965
Flubber,1997
A Goofy Movie,1995
Wish Upon,2017
Soylent Green,1973
Metal Lords,2022
Tekken,2010
Look Both Ways,2022
Killer Elite,2011
Zoolander,2001
Accepted,2006
Sideways,2004
Blast from the Past,1999
27 Dresses,2008
Diary of a Wimpy Kid: Dog Days,2012
Prince of Darkness,1987
Bananas,1971
It Takes Two,1995
Reign of the Supermen,2019
A Thousand Words,2012
Leprechaun,1993
An American Tail,1986
Chicago,2002
Carol,2015
Princess Protection Program,2009
Next,2007
16 Wishes,2010
Ultraviolet,2006
Girls Trip,2017
Marauders,2016
High Life,2018
Fred Claus,2007
Whip It,2009
My Fair Lady,1964
Billy Elliot,2000
Reminiscence,2021
Ride Along,2014
30 Days of Night: Dark Days,2010
Holes,2003
Vice,2018
Enemy Mine,1985
It Could Happen to You,1994
Dark Star,1974
Torn Curtain,1966
Closer,2004
Blair Witch,2016
After the Sunset,2004
Fantasia 2000,1999
Sweet Home Alabama,2002
A Wrinkle in Time,2018
A Wrinkle in Time,2018
Tremors 3: Back to Perfection,2001
Primer,2004
Mortdecai,2015
My Super Ex-Girlfriend,2006
Bedknobs and Broomsticks,1971
FernGully: The Last Rainforest,1992
Walkabout,1971
Batman vs Teenage Mutant Ninja Turtles,2019
Grease 2,1982
This Means War,2012
Girl with a Pearl Earring,2003
Home Again,2017
Spanglish,2004
Children of the Corn,1984
Cradle 2 the Grave,2003
Soul Surfer,2011
Star Trek: Insurrection,1998
Star Trek: Insurrection,1998
Mallrats,1995
Abduction,2011
Date Night,2010
Dallas Buyers Club,2013
Champions,2023
Six Days Seven Nights,1998
Clown,2014
Do the Right Thing,1989
Friday the 13th: A New Beginning,1985
Friday the 13th: A New Beginning,1985
Whiskey Tango Foxtrot,2016
Empire of the Sun,1987
Mary Shelley,2017
Antebellum,2020
Against the Ice,2022
Cake,2014
Martha Marcy May Marlene,2011
Ghost Town,2008
Ghost Town,2008
Justice League: Crisis on Two Earths,2010
Thirteen,2003
Dear John,2010
Into the Woods,2014
Camp Rock 2: The Final Jam,2010
Courage Under Fire,1996
Steel Magnolias,1989
All the Money in the World,2017
Shame,2011
K-PAX,2001
Two Weeks Notice,2002
Malcolm X,1992
Till Death,2021
K-19: The Widowmaker,2002
Walk of Shame,2014
Adventures in Babysitting,2016
Halloween H20: 20 Years Later,1998
Sherlock Gnomes,2018
Rounders,1998
Deception,2008
Cursed,2005
In the Shadow of the Moon,2019
Driving Miss Daisy,1989
Midnight Express,1978
Aliens in the Attic,2009
Midnight Express,1978
Aliens in the Attic,2009
Killer Klowns from Outer Space,1988
Master and Commander: The Far Side of the World,2003
Boy Erased,2018
Presumed Innocent,1990
Fun with Dick and Jane,2005
Magic Mike XXL,2015
Happy Death Day,2017
My Little Pony: The Movie,2017
Christmas with the Kranks,2004
A Scanner Darkly,2006
47 Meters Down: Uncaged,2019
Zoom,2006
Reign of Fire,2002
Early Man,2018
30 Minutes or Less,2011
Before We Go,2014
In Bruges,2008
Child 44,2015
Hairspray,2007
Second Act,2018
Paul Blart: Mall Cop,2009
Twitches,2005
Mighty Morphin Power Rangers: The Movie,1995
Sabrina,1995
Ed Wood,1994
Cube Zero,2004
Drop Zone,1994
Draft Day,2014
Escape from L.A.,1996
Little Women,1994
Free Willy 3: The Rescue,1997
Love the Coopers,2015
No Escape,1994
Working Girl,1988
Girls Just Want to Have Fun,1985
Never Been Kissed,1999
Space Cowboys,2000
Space Cowboys,2000
Black Mirror: Bandersnatch,2018
Happiest Season,2020
Sgt. Stubby: An American Hero,2018
Quest for Camelot,1998
Major Payne,1995
In the Heat of the Night,1967
Shaft,1971
Friday After Next,2002
Sky Captain and the World of Tomorrow,2004
White Fang,1991
Purple Rain,1984
Queen of the Damned,2002
Tinker Tailor Soldier Spy,2011
Tremors 4: The Legend Begins,2004
Due Date,2010
Hotel Rwanda,2004
Poetic Justice,1993
Hide and Seek,2005
Marnie,1964
Serpico,1973
Transformers: Revenge of the Fallen,2009
Black Christmas,1974
Secondhand Lions,2003
Mystic Pizza,1988
Batman: The Killing Joke,2016
Shanghai Noon,2000
Another Earth,2011
Masters of the Universe,1987
Miracle on 34th Street,1947
Patch Adams,1998
Backdraft,1991
A Perfect Murder,1998
Horns,2013
Bad Times at the El Royale,2018
Gothika,2003
Strange Days,1995
Borat: Cultural Learnings of America for Make Benefit Glorious Nation of Kazakhstan,2006
Nine Lives,2016
Tom and Jerry: The Movie,1992
An American Werewolf in Paris,1997
An American Werewolf in Paris,1997
Barely Lethal,2015
Gia,1998
Arthur Christmas,2011
Witness,1985
Neighbors 2: Sorority Rising,2016
Patient Zero,2018
Network,1976
After Hours,1985
Dear Evan Hansen,2021
Centurion,2010
Invictus,2009
Ben Is Back,2018
Pleasantville,1998
Chernobyl Diaries,2012
Disturbia,2007
Tall Girl,2019
Gambit,2012
Moneyball,2011
Miracle on 34th Street,1994
Savages,2012
Hard Rain,1998
Only Lovers Left Alive,2013
"Batman: The Long Halloween, Part Two",2021
Barbie Fairytopia: Magic of the Rainbow,2007
Barbie Fairytopia: Magic of the Rainbow,2007
"I, Tonya",2017
Moon,2009
No Good Deed,2014
Out of the Furnace,2013
Heart and Souls,1993
Mr. Church,2016
Bombshell,2019
Escape from Planet Earth,2013
Mermaids,1990
Lord of the Flies,1990
Deep Blue Sea 2,2018
Burn After Reading,2008
What We Do in the Shadows,2014
Lincoln,2012
Kramer vs. Kramer,1979
Kramer vs. Kramer,1979
Heavenly Creatures,1994
Little Miss Sunshine,2006
Patton,1970
Taking Lives,2004
Being John Malkovich,1999
A River Runs Through It,1992
A River Runs Through It,1992
Awake,2007
Blades of Glory,2007
Dancer in the Dark,2000
Vantage Point,2008
Water for Elephants,2011
Cellular,2004
Mad Money,2008
Monte Carlo,2011
Night Teeth,2021
Kimi,2022
Mona Lisa Smile,2003
Elizabeth: The Golden Age,2007
Wall Street: Money Never Sleeps,2010
Brazil,1985
Valentine,2001
Doomsday,2008
A Serious Man,2009
Sleeping Beauty,2011
Born on the Fourth of July,1989
Drumline,2002
Before Sunset,2004
Judy,2019
Hall Pass,2011
Turbo: A Power Rangers Movie,1997
Nerve,2016
Sphere,1998
Flags of Our Fathers,2006
JFK,1991
Anthropoid,2016
Mindhunters,2004
Gandhi,1982
Gandhi,1982
Sweet November,2001
August: Osage County,2013
Cadet Kelly,2002
Chitty Chitty Bang Bang,1968
Day of the Dead,2008
Kids,1995
Dogma,1999
Mank,2020
Time Bandits,1981
Days of Heaven,1978
Fright Night,2011
Adventures in Babysitting,1987
Secret Window,2004
Far and Away,1992
Young Guns,1988
Leviathan,1989
Dangerous Minds,1995
Unthinkable,2010
Stay,2005
Stay,2005
Letters to Juliet,2010
Kindergarten Cop,1990
Searching,2018
Snakes on a Plane,2006
Down Periscope,1996
Good Time,2017
Destroyer,2018
Australia,2008
Last Shift,2014
Loving Vincent,2017
El Dorado,1966
While You Were Sleeping,1995
Speed Racer,2008
I Kill Giants,2017
Black Christmas,2006
What If,2013
A Monster Calls,2016
Star Trek VI: The Undiscovered Country,1991
Klute,1971
Hellraiser: Inferno,2000
Chain Reaction,1996
Chain Reaction,1996
Woman in Gold,2015
Anna Karenina,2012
I Spy,2002
Around the World in Eighty Days,1956
Boiling Point,2021
Strange Magic,2015
Strange Magic,2015
Last Man Standing,1996
Men,2022
Assault on Precinct 13,2005
Bachelorette,2012
Mr. Right,2016
Ray,2004
Dark Water,2005
Christine,2016
Zombie Strippers!,2008
Clifford,1994
Under the Tuscan Sun,2003
Idle Hands,1999
Machete Kills,2013
Dangerous Beauty,1998
Notes on a Scandal,2006
If I Stay,2014
Heavy Metal,1981
Hamilton,2020
Scrooged,1988
Wild,2014
Drugstore Cowboy,1989
Return to Oz,1985
Quiz Lady,2023
Missing Link,2019
Anon,2018
Anon,2018
Cabaret,1972
Message in a Bottle,1999
Ghosts of Mars,2001
Wanderlust,2012
George of the Jungle,1997
When a Stranger Calls,2006
Respect,2021
Zardoz,1974
Zardoz,1974
So Undercover,2012
We Need to Talk About Kevin,2011
Florence Foster Jenkins,2016
Lord of the Flies,1963
Before I Fall,2017
Cry-Baby,1990
Dead Man Walking,1995
American Ultra,2015
Lesbian Vampire Killers,2009
Assassins,1995
Out of Sight,1998
Chi-Raq,2015
Darkman,1990
Chaplin,1992
Repo Man,1984
Repo Man,1984
Finding Neverland,2004
Underdog,2007
Domino,2005
Crocodile Dundee II,1988
Vampire Academy,2014
Dogville,2003
History of the World: Part I,1981
History of the World: Part I,1981
Blue Valentine,2010
Blackthorn,2011
Apollo 18,2011
Amazing Grace,2006
Soul Plane,2004
Flight of the Navigator,1986
Back to School,1986
Absolutely Anything,2015
Bratz,2007
Fatal Attraction,1987
Tulip Fever,2017
Live by Night,2016
Double Jeopardy,1999
Pilgrimage,2017
Morning Glory,2010
Dragonfly,2002
Swingers,1996
Bitch Slap,2009
Layer Cake,2004
Blind Fury,1989
Star Wars: The Clone Wars,2008
Tully,2018
Heartbreakers,2001
Monsters,2010
Loving,2016
Cabrini,2024
Wendy Wu: Homecoming Warrior,2006
Jack,1996
An American Tail: Fievel Goes West,1991
Death at a Funeral,2007
Big Eyes,2014
Delivery Man,2013
Sirens,1994
Delivery Man,2013
Sirens,1994
Cats,2019
Foxcatcher,2014
Do You Believe?,2015
Lake Placid,1999
Swiss Army Man,2016
Chocolat,2000
Mr. Holmes,2015
Orca,1977
Side Effects,2013
Air Bud,1997
Side Effects,2013
Air Bud,1997
Chalet Girl,2011
Vegas Vacation,1997
Enough,2002
Hitchcock,2012
Ad Astra,2019
War and Peace,1956
Krull,1983
A Charlie Brown Christmas,1965
Analyze This,1999
Throw Momma from the Train,1987
Much Ado About Nothing,1993
Hope Floats,1998
S.W.A.T.: Firefight,2011
S.W.A.T.: Firefight,2011
Super Troopers,2001
Body of Evidence,1993
Sea of Love,1989
Welcome to Marwen,2018
Hush,2016
Green Zone,2010
Blow Out,1981
My Big Fat Greek Wedding,2002
My Big Fat Greek Wedding,2002
American Outlaws,2001
High Crimes,2002
Mercury Rising,1998
Mercury Rising,1998
Barbershop: The Next Cut,2016
Good People,2014
Snow White: A Tale of Terror,1997
Phantom of the Paradise,1974
Man of Tai Chi,2013
Monkeybone,2001
A Perfect Getaway,2009
Darkness Falls,2003
Hannah Montana: The Movie,2009
A League of Their Own,1992
Assault on Precinct 13,1976
Assault on Precinct 13,1976
Osmosis Jones,2001
Hot Rod,2007
Little Buddha,1993
Femme Fatale,2002
Two Mules for Sister Sara,1970
Rock of Ages,2012
Mean Streets,1973
Oliver Twist,2005
Billy Madison,1995
Stop! Or My Mom Will Shoot,1992
Lemonade Mouth,2011
Harriet,2019
Flight of the Phoenix,2004
Love Story,1970
Out of Africa,1985
Made of Honor,2008
That Thing You Do!,1996
Being There,1979
Airheads,1994
In Her Shoes,2005
Sydney White,2007
A Man for All Seasons,1966
Eye in the Sky,2015
MacGruber,2010
Life or Something Like It,2002
Strictly Ballroom,1992
Frozen,2010
In the Bedroom,2001
Grumpy Old Men,1993
Barton Fink,1991
Ali G Indahouse,2002
Tau,2018
Alex Strangelove,2018
Wild at Heart,1990
Wild at Heart,1990
My Own Private Idaho,1991
Whiteout,2009
20th Century Women,2016
Song of the Sea,2014
Bring It On,2000
Jeremiah Johnson,1972
Irrational Man,2015
Weird: The Al Yankovic Story,2022
Weird: The Al Yankovic Story,2022
Snow Dogs,2002
Motherless Brooklyn,2019
No Way Out,1987
"I Love You, Man",2009
Free Birds,2013
DragonHeart,1996
Rim of the World,2019
Thank You for Smoking,2005
Glengarry Glen Ross,1992
Dangerous Liaisons,1988
Sliding Doors,1998
Jawbreaker,1999
Starman,1984
"You, Me and Dupree",2006
Hero,1992
My Stepmother Is an Alien,1988
Swimming Pool,2003
Someone Like You...,2001
Cloud 9,2014
Last Vegas,2013
Chariots of Fire,1981
Chariots of Fire,1981
Superintelligence,2020
In Hell,2003
Dragnet,1987
Fences,2016
Homeward Bound II: Lost in San Francisco,1996
Let Me In,2010
50/50,2011
Empire Records,1995
Crossing Over,2009
Ginger Snaps,2000
America: The Motion Picture,2021
Rumble Fish,1983
In the Name of the Father,1993
Pandemic,2016
Beerfest,2006
Batman: Bad Blood,2016
Like a Boss,2020
Yoga Hosers,2016
Batman: Assault on Arkham,2014
Now and Then,1995
Sleeping with Other People,2015
Strangers on a Train,1951
House of 1000 Corpses,2003
"Lock, Stock and Two Smoking Barrels",1998
Hairspray Live!,2016
Amityville: The Awakening,2017
Jackass: The Movie,2002
Married to the Mob,1988
I Could Never Be Your Woman,2007
Not Okay,2022
Videodrome,1983
Ruby Sparks,2012
Beavis and Butt-Head Do America,1996
Ma,2019
Berlin Syndrome,2017
Nightbreed,1990
Red Planet,2000
Cleaner,2007
Bad Santa,2003
Tora! Tora! Tora!,1970
Gigli,2003
Stargate: Continuum,2008
Remember Me,2010
Terms of Endearment,1983
Hot Pursuit,2015
Kill Your Darlings,2013
Carnage,2011
Saving Mr. Banks,2013
Ramona and Beezus,2010
Encino Man,1992
Man of the House,2005
French Kiss,1995
Four Christmases,2008
Rumor Has It...,2005
Raising Helen,2004
Bewitched,2005
A Single Man,2009
War on Everyone,2016
Stealth,2005
Sleepover,2004
Attack the Block,2011
Seeking a Friend for the End of the World,2012
Magic Mike,2012
Ice Princess,2005
Pi,1998
Little Manhattan,2005
Silver Streak,1976
Battlestar Galactica,1978
Endless Love,2014
Harriet the Spy,1996
Bandidas,2006
Stoker,2013
Dave,1993
Dave,1993
Stick It,2006
Balto III: Wings of Change,2004
Eurovision Song Contest: The Story of Fire Saga,2020
Popstar: Never Stop Never Stopping,2016
Destination Wedding,2018
Pink Flamingos,1972
Old Dogs,2009
Watership Down,1978
Senna,2010
Your Highness,2011
From Beyond,1986
First Knight,1995
Shakespeare in Love,1998
Night Train to Lisbon,2013
A Charlie Brown Thanksgiving,1973
Only God Forgives,2013
Only God Forgives,2013
Edge of Darkness,2010
Are You Here,2013
Friends with Money,2006
Velvet Goldmine,1998
Chasing Amy,1997
Dan in Real Life,2007
Nineteen Eighty-Four,1984
Nineteen Eighty-Four,1984
Keeping Up with the Joneses,2016
Requiem for a Dream,2000
Transformers,2007
Short Circuit,1986
Short Circuit,1986
Invisible Sister,2015
Mystery Train,1989
Snow Flower and the Secret Fan,2011
Freeway,1996
Paterson,2016
Fighting,2009
Diary of the Dead,2007
New York Minute,2004
"Hail, Caesar!",2016
CBGB,2013
A Countess from Hong Kong,1967
My Big Fat Greek Wedding 2,2016
Like Crazy,2011
Never Let Me Go,2010
That Awkward Moment,2014
Airport 1975,1974
Zoe,2018
Mars Needs Moms,2011
Gosford Park,2001
Single White Female,1992
Appaloosa,2008
Superman/Batman: Apocalypse,2010
Tommy Boy,1995
Liberal Arts,2012
Wild Orchid,1989
"No Retreat, No Surrender",1986
Veronica Mars,2014
8MM,1999
Open Water 2: Adrift,2006
Finding Forrester,2000
Outland,1981
Animal Farm,1954
Jane Eyre,2011
Passengers,2008
Intolerable Cruelty,2003
October Sky,1999
Quarantine,2008
Open Water,2003
Any Which Way You Can,1980
You Again,2010
Fly Away Home,1996
Batman: Hush,2019
My Salinger Year,2020
Rushmore,1998
Cooties,2014
Pig,2021
Searching for Bobby Fischer,1993
Dorian Gray,2009
Casanova,2005
All About Eve,1950
Timecop,1994
Southern Comfort,1981
Nancy Drew and the Hidden Staircase,2019
My Bloody Valentine,1981
Masterminds,2016
Yogi Bear,2010
Murder at 1600,1997
Compliance,2012
Scanners,1981
Ingrid Goes West,2017
Nighthawks,1981
Spencer,2021
Critters 3,1991
Jumanji,1995
Seven Psychopaths,2012
White Noise,2022
Dead Calm,1989
Godmothered,2020
Spy Hard,1996
Repo Men,2010
Speak,2004
Disturbing Behavior,1998
Unfriended,2014
Joe Kidd,1972
Somewhere in Time,1980
Afternoon Delight,2013
Save the Last Dance,2001
Madea Goes to Jail,2009
Anna and the King,1999
Supernova,2000
Behind the Candelabra,2013
Behind the Candelabra,2013
Novitiate,2017
Kinky Boots,2005
A Little Chaos,2015
A Chorus Line,1985
Death Race 2050,2017
Taste the Blood of Dracula,1970
Paycheck,2003
Conspiracy Theory,1997
S1m0ne,2002
Riding in Cars with Boys,2001
Apt Pupil,1998
Kim Possible,2019
Barefoot,2014
Beasts of No Nation,2015
Becoming Jane,2007
Stand and Deliver,1988
Stand and Deliver,1988
London Boulevard,2010
Milk,2008
Safe Haven,2013
Nowhere Boy,2009
Cracks,2009
Fame,1980
Michael,1996
Flypaper,2011
Monster High: Welcome to Monster High,2016
Women in Love,1969
Gorillas in the Mist,1988
Mudbound,2017
Extraction,2015
So I Married an Axe Murderer,1993
Scars of Dracula,1970
Color Out of Space,2019
Hamlet,1996
Catch-22,1970
Set It Up,2018
Ravenous,1999
All of Me,1984
Suffragette,2015
About Last Night,2014
Bull Durham,1988
UHF,1989
Rugrats Go Wild,2003
Let It Snow,2019
Waitress,2007
Celebrity,1998
In the Electric Mist,2009
Seven Brides for Seven Brothers,1954
In the Electric Mist,2009
Seven Brides for Seven Brothers,1954
"Batman: The Long Halloween, Part One",2021
Serial Mom,1994
Serial Mom,1994
Reality Bites,1994
THX 1138,1971
Batman: Year One,2011
About Schmidt,2002
High Fidelity,2000
Jersey Girl,2004
She Said,2022
Barb Wire,1996
Battle of the Sexes,2017
Harold and Maude,1971
Otherhood,2019
Straw Dogs,2011
Fantastic Voyage,1966
A Star Is Born,1954
Bad Girls,1994
"No Retreat, No Surrender 3: Blood Brothers",1990
Black Robe,1991
White Bird in a Blizzard,2014
Where the Heart Is,2000
In the Cut,2003
Glory Road,2006
Glory Road,2006
Capote,2005
L.A. Story,1991
Son of Batman,2014
About a Boy,2002
Wild Things: Diamonds in the Rough,2005
Wild Things: Diamonds in the Rough,2005
28 Days,2000
Goon: Last of the Enforcers,2017
F/X,1986
Casualties of War,1989
Manhattan Murder Mystery,1993
Basic,2003
Morgan,2016
Apostle,2018
C.H.U.D.,1984
Apostle,2018
C.H.U.D.,1984
Leprechaun in the Hood,2000
Waking Life,2001
Wimbledon,2004
Pitch Black,2000
Spy Game,2001
Paper Moon,1973
Fair Game,2010
Teen Beach Movie,2013
Red Scorpion,1988
Midnight Run,1988
My Little Pony: Equestria Girls - Rainbow Rocks,2014
Pawn Sacrifice,2015
View from the Top,2003
Killing Them Softly,2012
We Own the Night,2007
Fletch,1985
Armed and Dangerous,1986
Hedwig and the Angry Inch,2001
People Like Us,2012
Armored,2009
Boys on the Side,1995
Haunt,2019
Blame It on Rio,1984
American Animals,2018
When a Man Loves a Woman,1994
A Royal Winter,2017
Money Monster,2016
A Most Wanted Man,2014
Cat People,1982
Sorry to Bother You,2018
Vacancy,2007
Peggy Sue Got Married,1986
"Tomorrow, When the War Began",2010
Slap Shot,1977
Baby Boom,1987
Mark Felt: The Man Who Brought Down the White House,2017
Meatballs,1979
Dolphin Tale 2,2014
North Country,2005
Antitrust,2001
Thanks for Sharing,2013
Critters 2,1988
Quartet,2012
Tea with Mussolini,1999
Tea with Mussolini,1999
Charlie St. Cloud,2010
Million Dollar Arm,2014
Singles,1992
Elizabeth,1998
Toy Soldiers,1991
Table 19,2017
Table 19,2017
Crazy Heart,2009
Lost and Delirious,2001
Drop Dead Gorgeous,1999
Damage,1992
Revenge of the Nerds,1984
City Slickers,1991
Two Night Stand,2014
My Week with Marilyn,2011
Below,2002
D2: The Mighty Ducks,1994
D2: The Mighty Ducks,1994
Boxing Helena,1993
Shopgirl,2005
Dirty Dancing: Havana Nights,2004
Anne of Green Gables,1985
Snake Eyes,1998
Dead Man Down,2013
Byzantium,2012
88 Minutes,2007
Time After Time,1979
Kinsey,2004
Steel,1997
Just Wright,2010
Blindness,2008
Columbus,2017
7500,2019
Picnic at Hanging Rock,1975
Persuasion,1995
Duplicity,2009
MirrorMask,2005
News of the World,2020
BASEketball,1998
Hanna,2011
Grosse Pointe Blank,1997
Breach,2007
Oliver!,1968
