White,Release year
Air Force One Down,2024
Fast X,2023
Puss in Boots: The Last Wish,2022
John Wick: Chapter 4,2023
Thor: Ragnarok,2017
Inception,2010
Iron Man 2,2010
Deadpool 2,2018
Spider-Man: Homecoming,2017
Avengers: Endgame,2019
The Equalizer 3,2023
Pirates of the Caribbean: On Stranger Tides,2011
Jurassic World Dominion,2022
Indiana Jones and the Dial of Destiny,2023
The Godfather,1972
The Nun II,2023
Irish Wish,2024
Thor: Love and Thunder,2022
The Last Voyage of the Demeter,2023
Avengers: Age of Ultron,2015
The Pope's Exorcist,2023
Shrek Forever After,2010
The Godfather Part III,1990
No Time to Die,2021
Spider-Man: Far From Home,2019
Zack Snyder's Justice League,2021
The Twilight Saga: New Moon,2009
Saving Private Ryan,1998
Spectral,2016
Iron Man 3,2013
Fantastic Beasts: The Secrets of Dumbledore,2022
Schindler's List,1993
John Wick: Chapter 2,2017
Captain America: Civil War,2016
Shazam! Fury of the Gods,2023
The Godfather Part II,1974
Inglourious Basterds,2009
Catch Me If You Can,2002
The Lion King II: Simba's Pride,1998
Despicable Me 3,2017
Virgin Territory,2007
Cinderella II: Dreams Come True,2002
Cars 2,2011
Beauty and the Beast: The Enchanted Christmas,1997
Ford v Ferrari,2019
Penguins of Madagascar,2014
Willy Wonka & the Chocolate Factory,1971
The King's Man,2021
Red Sparrow,2018
The Dark Knight Rises,2012
Secret of the Wings,2012
Fear,2023
X-Men: Days of Future Past,2014
Edge of Tomorrow,2014
Kingsman: The Golden Circle,2017
Midsommar,2019
Madagascar 3: Europe's Most Wanted,2012
Transformers: The Last Knight,2017
Quantum of Solace,2008
A Good Day to Die Hard,2013
Hansel & Gretel: Witch Hunters,2013
The Aristocats,1970
A Haunting in Venice,2023
Army of Thieves,2021
Fantastic Beasts: The Crimes of Grindelwald,2018
Captain America: The First Avenger,2011
300: Rise of an Empire,2014
Hitman: Agent 47,2015
Barbie in the 12 Dancing Princesses,2006
Die Another Day,2002
Zombieland: Double Tap,2019
In the Land of Saints and Sinners,2023
G.I. Joe: Retaliation,2013
Mechanic: Resurrection,2016
Octopussy,1983
The Road to El Dorado,2000
Love Actually,2003
Sinbad: Legend of the Seven Seas,2003
Ninja Assassin,2009
Transporter 3,2008
Mission: Impossible III,2006
Alvin and the Chipmunks: The Squeakquel,2009
Murder Mystery 2,2023
Jojo Rabbit,2019
Orphan: First Kill,2022
Hellboy II: The Golden Army,2008
Enemy at the Gates,2001
EuroTrip,2004
Sherlock Holmes: A Game of Shadows,2011
Atomic Blonde,2017
The Living Daylights,1987
Wrath of the Titans,2012
The Pacifier,2005
GoldenEye,1995
Suspiria,2018
I Spit on Your Grave 2,2013
Transporter 2,2005
The Banshees of Inisherin,2022
A Knight's Tale,2001
Looney Tunes: Back in Action,2003
Hitman's Wife's Bodyguard,2021
Tomorrow Never Dies,1997
The French Dispatch,2021
The Italian Job,2003
Pitch Perfect 3,2017
Captain America: The Winter Soldier,2014
Knight and Day,2010
The Smurfs 2,2013
Never Say Never Again,1983
House of Gucci,2021
Barbie: A Fashion Fairytale,2010
Sing Street,2016
Moulin Rouge!,2001
Superman II,1980
Midnight in Paris,2011
Scoob!,2020
A View to a Kill,1985
National Treasure: Book of Secrets,2007
Ocean's Twelve,2004
Barbie and the Three Musketeers,2009
Little Fockers,2010
"Mickey, Donald, Goofy: The Three Musketeers",2004
Barbie: A Fairy Secret,2011
Barbie as Rapunzel,2002
The Pink Panther 2,2009
Stonehearst Asylum,2014
Before Sunrise,1995
"Confess, Fletch",2022
Iron Sky: The Coming Race,2019
Hostel: Part II,2007
Superman III,1983
The Ninth Gate,1999
Barbie as the Island Princess,2007
28 Weeks Later,2007
Wolfwalkers,2020
National Lampoon's European Vacation,1985
Exorcist II: The Heretic,1977
The Spy Who Dumped Me,2018
The November Man,2014
Mr. Bean's Holiday,2007
There's Something in the Barn,2023
Iron Sky,2012
The Hunchback of Notre Dame II,2002
Leprechaun: Origins,2014
Gnomeo & Juliet,2011
Flightplan,2005
Stealing Beauty,1996
3 Days to Kill,2014
Cats & Dogs: The Revenge of Kitty Galore,2010
Fear,1996
Universal Soldier: Regeneration,2009
Hudson Hawk,1991
Mamma Mia! Here We Go Again,2018
A Turtle's Tale: Sammy's Adventures,2010
Eight Below,2006
Vicky Cristina Barcelona,2008
Kiss of the Dragon,2001
Leprechaun 2,1994
Eat Pray Love,2010
Mafia Mamma,2023
Mrs. Harris Goes to Paris,2022
Barry Lyndon,1975
Johnny English Strikes Again,2018
Young Frankenstein,1974
My Spy,2020
The 15:17 to Paris,2018
Where Eagles Dare,1968
Inside Man: Most Wanted,2019
Batman: Under the Red Hood,2010
102 Dalmatians,2000
Dark Crimes,2016
Bill & Ted's Excellent Adventure,1989
An American Tail,1986
Torn Curtain,1966
Bedknobs and Broomsticks,1971
My Big Fat Greek Wedding 3,2023
Flora and Son,2023
The Life Aquatic with Steve Zissou,2004
The Italian Job,1969
Sherlock Gnomes,2018
The Vatican Tapes,2015
Everyone Says I Love You,1996
In Bruges,2008
Sgt. Stubby: An American Hero,2018
Chasing Liberty,2004
Kelly's Heroes,1970
An American Werewolf in Paris,1997
Arthur Christmas,2011
The Last Legion,2007
Chernobyl Diaries,2012
"I, Tonya",2017
Sexy Beast,2001
Executive Decision,1996
The Prince & Me 2: The Royal Wedding,2006
Elizabeth: The Golden Age,2007
Ciao Alberto,2021
Before Sunset,2004
The Pink Panther Strikes Again,1976
Time Bandits,1981
Far and Away,1992
Henry & June,1990
Letters to Juliet,2010
The Snowman,2017
The Cutting Edge,1992
A Good Year,2006
Rugrats in Paris: The Movie,2000
Just Married,2003
The Willoughbys,2020
All the Old Knives,2022
Escape Plan: The Extractors,2019
The Lizzie McGuire Movie,2003
Belle's Magical World,1998
Julie & Julia,2009
1492: Conquest of Paradise,1992
Spooks: The Greater Good,2015
Mater and the Ghostlight,2006
The Return of the Pink Panther,1975
Laws of Attraction,2004
Foxcatcher,2014
Chalet Girl,2011
Welcome to Marwen,2018
Escape to Athena,1979
Assassination Games,2011
Phantom of the Paradise,1974
Frances Ha,2013
The Monuments Men,2014
The Little Hours,2017
Highlander II: The Quickening,1991
My Own Private Idaho,1991
The Whistleblower,2010
Dangerous Liaisons,1988
Chariots of Fire,1981
Beerfest,2006
Yoga Hosers,2016
Sniper 2,2002
War on Everyone,2016
The Jewel of the Nile,1985
The Inbetweeners Movie,2011
Eurovision Song Contest: The Story of Fire Saga,2020
Shakespeare in Love,1998
Velvet Goldmine,1998
Killing Gunther,2017
Voice from the Stone,2017
The Rhythm Section,2020
Class of 1984,1982
The Cassandra Crossing,1976
Van Helsing: The London Assignment,2004
The New Adventures of Pippi Longstocking,1988
Don't Look Now,1973
Beowulf & Grendel,2005
A Little Chaos,2015
Taste the Blood of Dracula,1970
The Hunter's Prayer,2017
The 300 Spartans,1962
Fright Night 2: New Blood,2013
Scars of Dracula,1970
You May Not Kiss the Bride,2011
My Life in Ruins,2009
The Secrets We Keep,2020
The Good Liar,2019
Pawn Sacrifice,2015
Ploey: You Never Fly Alone,2018
The Brides of Dracula,1960
Tea with Mussolini,1999
Goya's Ghosts,2006
City Slickers,1991
BloodRayne: The Third Reich,2010
